LB,ObjCoeff,Dual,y_lp_sum,RC,ylp,yint
53399.3,6005,0,0.00244141,0,0,0
53399.3,2462,0,0.00244141,0,0,0
53399.3,3783,0,0.00244141,0,0,0
53399.3,3723,-0.00361271,0.00244141,0,0,0
53399.3,2462,-0.0056891,0.99707,-1539.9,1,1
53399.3,4144,0,0.00244141,0,0,0
53399.3,4204,0,0.00244141,0,0,0
53399.3,5164,0,0.00244141,0,0,0
53399.3,781,0,0.00244141,0,0,0
53399.3,6005,0,0.00244141,0,0,0
53399.3,4444,-0.00525484,0.00463867,0,0,0
53399.3,3423,0,0.00244141,0,0,0
53399.3,1802,0,0.994873,0,1,1
53399.3,3663,-0.000759226,0.971191,0,1,1
53399.3,5164,0,0.00244141,0,0,0
53399.3,6005,-0.00149163,0.00244141,4967.43,0,0
53399.3,5585,-0.00216441,0.00244141,4042.82,0,0
53399.3,1442,-0.00209933,0.988108,0,1,1
53399.3,2402,-0.00314656,0.0070741,0,0,0
53399.3,5225,-0.000500972,0.00244141,3620.41,0,0
53399.3,721,-1.63E-50,0.00806253,0,0,0
53399.3,6005,0,0.00244141,0,0,0
53399.3,1081,0,0.00463867,0,0,0
53399.3,3243,0,0.00244141,0,0,0
53399.3,2943,-3.30E-49,0.0113195,0,0,0
53399.3,5405,-0.00441909,0.00244141,1168.65,0,0
53399.3,4324,-9.79E-40,0.00244141,3838,0,0
53399.3,4804,-0.00137225,0.00244141,1021.04,0,0
53399.3,6005,-0.00210255,0.00244141,2732,0,0
53399.3,1261,-0.00219959,0.980153,0,1,1
53399.3,5405,-0.00225056,0.0193584,0,0,0
53399.3,5285,-0.00100844,0.00244141,3286.63,0,0
53399.3,5825,-0.00321044,0.00244141,1672.09,0,0
53399.3,6005,-0.000757504,0.00244141,3760.9,0,0
53399.3,3063,0,0.00244141,0,0,0
53399.3,3964,0,0.00252516,0,0,0
53399.3,901,0,0.0113195,0,0,0
53399.3,1742,-0.000699235,0.00756627,0,0,0
53399.3,6005,0,0.00244141,0,0,0
53399.3,2883,-0.000386718,0.00244141,164.883,0,0
53399.3,5765,-0.00311401,0.00244141,373.08,0,0
53399.3,901,0,0.99707,0,1,1
53399.3,3603,-0.00018684,0.00244141,1129.61,0,0
53399.3,6005,0,0.00244141,0,0,0
53399.3,3423,-0.00235992,0.00244141,0,0,0
53399.3,3603,-0.000492896,0.00244141,2027.59,0,0
53399.3,2582,-0.00348111,0.99707,0,1,1
53399.3,3423,-0.00164969,0.00244141,0,0,0
53399.3,2282,0,0.00244141,0,0,0
53399.3,2883,0,0.00244141,0,0,0
53399.3,2462,0,0.00244141,0,0,0
53399.3,6005,0,0.00244141,0,0,0
53399.3,3003,-0.00245171,0.99707,0,1,1
53399.3,4924,-0.000231897,0.00244141,4124.66,0,0
53399.3,2162,-0.000537704,0.992438,0,1,1
53399.3,4084,0,0.00244141,0,0,0
53399.3,6005,0,0.00244141,0,0,0
53399.3,3783,-0.00551906,0.99707,0,1,1
53399.3,5405,0,0.00244141,0,0,0
53399.3,1982,-0.00332137,0.984863,0,1,1
55914.4,6005,-4.54E-05,4.77E-06,0,0,0
55914.4,2462,0,4.77E-06,0,0,0
55914.4,3783,-0.000315354,4.77E-06,0,0,0
55914.4,3723,-0.00275568,0.000437223,0,0,0
55914.4,2462,-0.00421617,0.999994,-2327.58,1,1
55914.4,4144,-0.000692048,4.77E-06,2565.2,0,0
55914.4,4204,-0.000699422,4.77E-06,2880.28,0,0
55914.4,5164,-0.000203369,4.77E-06,3925.73,0,0
55914.4,781,0,0.00580137,0,-2.04E-13,0
55914.4,6005,-2.03E-05,4.77E-06,5732.43,0,0
55914.4,4444,-0.00243749,0.122343,0,0.0637082,1
55914.4,3423,-0.00126499,4.77E-06,2594.22,0,0
55914.4,1802,-0.00544611,0.999966,-34.8269,1,1
55914.4,3663,-0.0006131,0.875911,0,0.936292,0
55914.4,5164,-1.26E-17,4.77E-06,4876.72,0,0
55914.4,6005,-0.00137876,4.77E-06,2345.48,0,0
55914.4,5585,-0.00736035,4.77E-06,1494.51,0,0
55914.4,1442,-0.0016392,0.994343,0,1,0
55914.4,2402,-0.0021347,0.00501864,0,0,1
55914.4,5225,-0.00100493,4.77E-06,4065.13,0,0
55914.4,721,-1.84E-18,0.0558479,0,0.0637082,0
55914.4,6005,0,4.77E-06,0,0,0
55914.4,1081,-1.77E-05,2.02E-05,0,0,0
55914.4,3243,-1.46E-07,4.77E-06,0,0,0
55914.4,2943,-5.29E-59,0.123989,0,0.0637082,1
55914.4,5405,-0.00681374,4.77E-06,792.832,0,0
55914.4,4324,-0.00234832,4.77E-06,3817.95,0,0
55914.4,4804,-0.00336594,4.77E-06,1805,0,0
55914.4,6005,-0.00213199,4.77E-06,4097.58,0,0
55914.4,1261,-0.001505,0.999907,0,1,1
55914.4,5405,-0.00184211,9.17E-05,0,0,0
55914.4,5285,-0.00123703,4.77E-06,3606.4,0,0
55914.4,5825,-0.00315378,4.77E-06,2683.98,0,0
55914.4,6005,-0.000400447,4.77E-06,4319.37,0,0
55914.4,3063,0,4.77E-06,0,0,0
55914.4,3964,-1.77E-05,1.72E-05,0,0,0
55914.4,901,-1.38E-05,0.00359613,0,0,0
55914.4,1742,-0.00243299,0.00384252,0,0,1
55914.4,6005,-0.000110854,4.77E-06,2519.76,0,0
55914.4,2883,-4.50E-17,4.77E-06,2080.29,0,0
55914.4,5765,-0.00786644,3.44E-05,477.158,0,0
55914.4,901,0,0.999965,0,1,1
55914.4,3603,-0.00493678,4.77E-06,960.449,0,0
55914.4,6005,-2.66E-68,4.77E-06,6005,0,0
55914.4,3423,-0.00503974,0.0038887,0,0,0
55914.4,3603,-0.00375631,4.77E-06,1470.63,0,0
55914.4,2582,-0.00679987,0.997421,0,1,1
55914.4,3423,-0.00491788,4.77E-06,0,0,0
55914.4,2282,0,0.877635,0,0.936292,0
55914.4,2883,-0.00283775,4.77E-06,1950.77,0,0
55914.4,2462,-0.00172342,4.77E-06,2018.15,0,0
55914.4,6005,0,4.77E-06,0,0,0
55914.4,3003,-0.00186547,0.999994,0,1,1
55914.4,4924,-0.00241446,4.77E-06,3055.8,0,0
55914.4,2162,-0.00395192,0.994657,0,1,1
55914.4,4084,-0.00225191,4.77E-06,2327.24,0,0
55914.4,6005,-3.63E-20,4.77E-06,6003.69,0,0
55914.4,3783,-0.00333047,0.00540286,0,-2.55E-13,1
55914.4,5405,-1.15E-05,4.77E-06,2735.22,0,0
55914.4,1982,-0.0019434,0.99462,0,1,0
55470.2,6005,0,0.00244141,0,0,0
55470.2,2462,0,0.00244141,0,0,0
55470.2,3783,0,0.00244141,0,0,0
55470.2,3723,-0.00330781,0.00244141,0,0,0
55470.2,2462,-0.00397337,0.99707,-1591.5,1,1
55470.2,4144,0,0.00244141,0,0,0
55470.2,4204,0,0.00244141,0,0,0
55470.2,5164,0,0.00244141,0,0,0
55470.2,781,0,0.00244141,0,0,0
55470.2,6005,0,0.00244141,0,0,0
55470.2,4444,-0.00517917,0.00557148,0,0,0
55470.2,3423,0,0.00244141,0,0,0
55470.2,1802,0,0.994877,0,1,1
55470.2,3663,-0.000792705,0.971191,0,1,1
55470.2,5164,0,0.00244141,0,0,0
55470.2,6005,-0.00133044,0.00244141,5089.09,0,0
55470.2,5585,-0.00347069,0.00244141,3325.82,0,0
55470.2,1442,-0.00206219,0.988973,0,1,1
55470.2,2402,-0.00357244,0.00590474,0,0,0
55470.2,5225,-6.82E-05,0.00244141,4212.24,0,0
55470.2,721,-5.39E-50,0.00816487,0,0,0
55470.2,6005,0,0.00244141,0,0,0
55470.2,1081,0,0.00463491,0,0,0
55470.2,3243,0,0.00244141,0,0,0
55470.2,2943,-4.60E-49,0.0105385,0,0,0
55470.2,5405,-0.0034383,0.00244141,851.3,0,0
55470.2,4324,-1.09E-39,0.00244141,3906.25,0,0
55470.2,4804,-0.00180356,0.00244141,2906.5,0,0
55470.2,6005,-0.00244905,0.00244141,4840.66,0,0
55470.2,1261,-0.00256208,0.979696,0,1,1
55470.2,5405,-0.0023498,0.0198158,0,0,0
55470.2,5285,-0.00124164,0.00244141,4153.1,0,0
55470.2,5825,-0.00368388,0.00244141,2977.53,0,0
55470.2,6005,-6.62E-05,0.00244141,3661.56,0,0
55470.2,3063,0,0.00244141,0,0,0
55470.2,3964,0,0.00284877,0,0,0
55470.2,901,0,0.0103771,0,0,0
55470.2,1742,-1.68E-39,0.00841369,0,0,0
55470.2,6005,0,0.00244141,0,0,0
55470.2,2883,0,0.00244141,0,0,0
55470.2,5765,-0.00410165,0.00244141,336.28,0,0
55470.2,901,0,0.99707,0,1,1
55470.2,3603,-0.000246099,0.00244141,1006.13,0,0
55470.2,6005,0,0.00244141,0,0,0
55470.2,3423,-0.00116337,0.00244141,0,0,0
55470.2,3603,0,0.00244141,0,0,0
55470.2,2582,-0.00279549,0.99707,0,1,1
55470.2,3423,-0.00192156,0.00244141,2056.36,0,0
55470.2,2282,0,0.00244141,0,0,0
55470.2,2883,0,0.00244141,0,0,0
55470.2,2462,0,0.00244141,0,0,0
55470.2,6005,0,0.00244141,0,0,0
55470.2,3003,-0.00212998,0.99707,0,1,1
55470.2,4924,-0.000289695,0.00244141,3963.34,0,0
55470.2,2162,-3.96E-05,0.993607,0,1,1
55470.2,4084,0,0.00244141,0,0,0
55470.2,6005,0,0.00244141,0,0,0
55470.2,3783,-0.00642563,0.99707,-174.411,1,1
55470.2,5405,0,0.00244141,0,0,0
55470.2,1982,-0.00297703,0.984863,0,1,1
44069.3,3003,-0.000632444,9.54E-06,1910.25,0,0
44069.3,1231,-0.000322232,9.67E-05,474.689,0,0
44069.3,1892,-0.000156984,0.00024465,0,0,0
44069.3,1862,-0.000170558,0.130026,0,0.129472,0
44069.3,1231,-0.00692652,0.999989,-2271.68,1,1
44069.3,2072,-0.000398063,9.54E-06,1034.87,0,0
44069.3,2102,-0.000686831,0.000417255,0,0.00010036,0
44069.3,2582,-0.000230789,9.54E-06,1266.97,0,0
44069.3,391,-4.56E-08,0.869617,0,0.870427,1
44069.3,3003,-0.000937442,9.54E-06,2435.07,0,0
44069.3,2222,-0.000118894,0.998143,0,0.998806,1
44069.3,1712,-0.00140752,9.54E-06,472.827,0,0
44069.3,901,-0.00157917,0.974121,0,0.975944,1
44069.3,1832,-0.00125681,9.54E-06,957.357,0,0
44069.3,2582,-0.000944364,9.54E-06,0,0,0
44069.3,3003,-0.00176017,0.00113628,0,0.00109412,0
44069.3,2793,-0.00562706,0.128186,0,0.12781,0
44069.3,721,-0.000535872,0.00259894,0,0.000922797,0
44069.3,1201,-0.00223074,0.869032,0,0.870528,1
44069.3,2613,-0.00279453,9.54E-06,946.823,0,0
44069.3,361,-9.19E-05,0.000802048,0,0.000590807,0
44069.3,3003,-0.000637109,9.54E-06,1924.71,0,0
44069.3,541,-0.000381705,2.56E-05,0,0,1
44069.3,1622,-0.000546369,9.54E-06,1083.74,0,0
44069.3,1472,-0.00260419,0.0258209,0,0.0240156,0
44069.3,2703,-0.00312856,0.000945752,0,0,0
44069.3,2162,-0.000313255,9.54E-06,1921.02,0,0
44069.3,2402,-0.00253558,4.79E-05,525.359,0,0
44069.3,3003,-0.00182856,9.54E-06,465.944,0,0
44069.3,631,-0.000542458,0.974364,0,0.976064,1
44069.3,2703,-0.00259026,0.973942,0,0.975984,1
44069.3,2643,-0.00147023,9.54E-06,0,0,0
44069.3,2913,-0.00206813,0.026056,0,0.0240156,0
44069.3,3003,-0.000410844,9.54E-06,1540.55,0,0
44069.3,1532,-2.30E-05,9.54E-06,1203.9,0,0
44069.3,1982,-0.000256254,9.54E-06,636.781,0,0
44069.3,451,-0.00109903,0.130901,0,0.129456,0
44069.3,871,-0.000896764,0.868675,0,0.870427,1
44069.3,3003,-0.00016009,9.54E-06,2223.28,0,0
44069.3,1442,-5.35E-05,9.54E-06,754.736,0,0
44069.3,2883,-0.00439294,0.164117,0,0.164734,0
44069.3,451,-0.000545077,0.869618,0,0.870995,1
44069.3,1802,-0.000768152,9.54E-06,1131.68,0,0
44069.3,3003,-9.59E-05,9.54E-06,0,0,0
44069.3,1712,-0.00215618,0.132595,0,0.129456,0
44069.3,1802,-0.00102725,1.36E-05,491.458,0,0
44069.3,1291,-0.00064662,0.999989,0,1,1
44069.3,1712,-0.00186878,0.000336234,0,9.29E-05,0
44069.3,1141,-4.85E-07,0.000706854,0,0.00010036,0
44069.3,1442,-0.000934632,9.54E-06,0,0,0
44069.3,1231,-0.000709395,9.54E-06,311.715,0,0
44069.3,3003,-6.82E-05,9.54E-06,0,0,0
44069.3,1502,-0.00211836,0.999989,0,1,1
44069.3,2462,-0.00422271,9.54E-06,0,0,0
44069.3,1081,-0.000805981,0.869075,0,0.870544,1
44069.3,2042,-0.000580526,9.54E-06,1175.26,0,0
44069.3,3003,-0.000604801,9.54E-06,1414.37,0,0
44069.3,1892,-0.000504179,0.999989,0,1,1
44069.3,2703,-0.000812925,3.11E-05,369.392,0,0
44069.3,991,-2.06E-71,0.999967,0,1,1
44781.9,3003,-7.73E-05,1.91E-05,1381.04,0,0
44781.9,1231,-3.28E-05,0.188428,0,0.196635,0
44781.9,1892,-6.40E-05,0.0020708,61.7268,0,0
44781.9,1862,-3.29E-05,0.297222,0,0.297479,0
44781.9,1231,-0.00139659,0.999977,-2192.35,1,1
44781.9,2072,-7.26E-05,1.91E-05,824.014,0,0
44781.9,2102,-0.00013628,1.91E-05,311.472,0,0
44781.9,2582,-0.000826359,1.91E-05,1170.78,0,0
44781.9,391,0,0.51223,0,0.505886,1
44781.9,3003,-0.000795839,1.91E-05,0,0,0
44781.9,2222,-0.00103455,0.786612,0,0.791592,1
44781.9,1712,-0.0001751,1.91E-05,936.555,0,0
44781.9,901,-0.000165052,0.434825,0,0.433412,1
44781.9,1832,-0.000818234,1.91E-05,1224.53,0,0
44781.9,2582,-4.76E-05,1.91E-05,2112.13,0,0
44781.9,3003,-0.00105112,0.0211008,0,0.0117724,0
44781.9,2793,-0.00363447,0.0891061,0,0.0890712,0
44781.9,721,-0.000777624,0.192934,0,0.196635,0
44781.9,1201,-0.00127846,0.702605,0,0.702521,1
44781.9,2613,-0.0005104,6.64E-05,1178.69,0,0
44781.9,361,-0.00104262,0.000421481,0,0,0
44781.9,3003,-0.000197506,1.91E-05,2099.48,0,0
44781.9,541,-0.000782117,6.42E-05,0,0,0
44781.9,1622,-4.65E-05,1.91E-05,1268.07,0,0
44781.9,1472,-0.00298868,0.329926,0,0.329811,0
44781.9,2703,-0.00201512,0.000157707,0,0,0
44781.9,2162,-0.000294672,1.91E-05,1897.17,0,0
44781.9,2402,-0.00378366,0.000593307,225.629,0,0
44781.9,3003,-0.000592613,1.91E-05,356.679,0,0
44781.9,631,-0.000546938,0.516719,0,0.51354,1
44781.9,2703,-0.00275253,0.668019,0,0.670189,1
44781.9,2643,-0.00260645,1.91E-05,0,0,0
44781.9,2913,-0.00123075,0.331977,0,0.329811,0
44781.9,3003,-0.000170399,1.91E-05,0,0,0
44781.9,1532,-6.24E-24,1.91E-05,0,0,0
44781.9,1982,-0.000188684,1.91E-05,693.41,0,0
44781.9,451,-0.000595267,0.296927,0,0.297479,0
44781.9,871,-0.000363532,0.298417,0,0.297479,1
44781.9,3003,-0.000167469,1.91E-05,2416.62,0,0
44781.9,1442,-0.000209471,1.91E-05,1242.81,0,0
44781.9,2883,-0.00439599,0.671341,0,0.662516,0
44781.9,451,-2.49E-05,0.698779,0,0.702521,1
44781.9,1802,-0.00208867,1.91E-05,765.052,0,0
44781.9,3003,-1.84E-08,1.91E-05,0,0,0
44781.9,1712,-0.00181989,0.574304,0,0.566588,1
44781.9,1802,-0.000203268,5.06E-05,246.282,0,0
44781.9,1291,-0.00250986,0.999977,-271.792,1,1
44781.9,1712,-8.53E-05,0.233213,0,0.236777,0
44781.9,1141,-4.40E-28,0.192306,0,0.196635,0
44781.9,1442,-0.000186906,1.91E-05,368.759,0,0
44781.9,1231,-2.84E-05,1.91E-05,455.735,0,0
44781.9,3003,-3.41E-05,1.91E-05,2287.13,0,0
44781.9,1502,-0.00388248,0.999942,-577.817,1,1
44781.9,2462,-0.000178067,0.00033869,146.468,0,0
44781.9,1081,-0.000307117,0.702581,0,0.702521,1
44781.9,2042,-0.00187508,1.91E-05,237.456,0,0
44781.9,3003,-4.95E-05,1.91E-05,1548.62,0,0
44781.9,1892,-0.00476886,0.999977,-1084.07,1,1
44781.9,2703,-0.00050226,0.000211442,0,0,0
44781.9,991,-8.27E-60,0.999785,0,1,1
46830.9,3003,-0.00111328,1.91E-05,1012.68,0,0
46830.9,1231,-1.53E-05,0.00402912,84.5495,0,0
46830.9,1892,-0.000197951,0.00127272,308.529,0,0
46830.9,1862,-0.000447716,0.329293,0,0.331347,0
46830.9,1231,-0.00190394,0.999977,-1240.73,1,1
46830.9,2072,-0.00180093,1.91E-05,465.536,0,0
46830.9,2102,-0.00125166,1.91E-05,143.884,0,0
46830.9,2582,-0.000154378,1.91E-05,1038.85,0,0
46830.9,391,-2.21E-05,0.665346,0,0.668653,1
46830.9,3003,-0.000787997,1.91E-05,2640.42,0,0
46830.9,2222,-3.16E-06,0.999955,0,1,1
46830.9,1712,-3.04E-07,1.91E-05,1093.69,0,0
46830.9,901,-0.00112644,0.570348,0,0.5685,0
46830.9,1832,-0.00113542,1.91E-05,1270.51,0,0
46830.9,2582,-0.000792505,1.91E-05,1991.54,0,0
46830.9,3003,-0.000205125,1.91E-05,282.558,0,0
46830.9,2793,-0.00373197,0.500022,0,0.503017,1
46830.9,721,-0.000149148,0.00164856,0,0,0
46830.9,1201,-0.00057143,0.672563,0,0.668653,1
46830.9,2613,-0.00291977,1.91E-05,1576.76,0,0
46830.9,361,-4.00E-05,0.0015444,0,0,0
46830.9,3003,-0.00104113,1.91E-05,2624.04,0,0
46830.9,541,-1.34E-06,4.15E-05,483.348,0,0
46830.9,1622,-6.98E-05,1.91E-05,1162.67,0,0
46830.9,1472,-0.00122135,0.170174,0,0.17167,1
46830.9,2703,-0.00350728,1.91E-05,0,0,0
46830.9,2162,-0.000872219,1.91E-05,1868.05,0,0
46830.9,2402,-0.00325163,1.91E-05,49.6901,0,0
46830.9,3003,-0.00249257,1.91E-05,379.539,0,0
46830.9,631,-0.0014867,0.738543,0,0.74017,1
46830.9,2703,-0.00198735,0.828569,0,0.82833,0
46830.9,2643,-0.00321975,1.91E-05,0,0,0
46830.9,2913,-0.00291649,0.171427,0,0.17167,1
46830.9,3003,-4.27E-05,1.91E-05,1281.92,0,0
46830.9,1532,-4.80E-05,1.91E-05,409.661,0,0
46830.9,1982,-0.00011492,1.91E-05,802.112,0,0
46830.9,451,-2.31E-13,0.333617,0,0.331347,0
46830.9,871,-0.000139462,0.665237,0,0.668653,1
46830.9,3003,-2.61E-05,1.91E-05,2622.57,0,0
46830.9,1442,-2.98E-05,1.91E-05,1099.92,0,0
46830.9,2883,-0.00480703,0.49934,0,0.503017,1
46830.9,451,-8.27E-06,0.500837,0,0.496983,0
46830.9,1802,-0.000302977,1.91E-05,1454.83,0,0
46830.9,3003,-1.82E-06,1.91E-05,0,0,0
46830.9,1712,-0.00099527,0.581869,0,0.574496,1
46830.9,1802,-0.000107146,0.000505874,145.307,0,0
46830.9,1291,-0.00238259,0.999977,-494.476,1,1
46830.9,1712,-0.00187096,0.255985,0,0.25983,0
46830.9,1141,-5.23E-05,4.15E-05,0,0,0
46830.9,1442,-0.00107951,1.91E-05,81.6331,0,0
46830.9,1231,-1.82E-06,0.161531,0,0.165674,0
46830.9,3003,-5.83E-06,1.91E-05,0,0,0
46830.9,1502,-0.00154403,0.999977,-22.9484,1,1
46830.9,2462,-0.00432201,1.91E-05,476.15,0,0
46830.9,1081,-0.00129901,0.66844,0,0.668653,1
46830.9,2042,-0.0029433,1.91E-05,1006.86,0,0
46830.9,3003,-0.0032718,1.91E-05,575.922,0,0
46830.9,1892,-0.00727556,0.999977,-1305.47,1,1
46830.9,2703,-0.00207078,1.91E-05,0,0,0
46830.9,991,-2.14E-58,0.999977,0,1,1
46441,601,-0.000655404,0.237503,0,0.239392,1
46441,247,-7.35E-05,8.86E-07,71.3569,0,0
46441,379,-0.000967342,1,-85.809,1,1
46441,373,-0.00130158,1,-877.487,1,1
46441,247,-0.00159995,1,-1437.47,1,1
46441,415,-0.000445807,0.0758113,0,0.0792557,0
46441,421,-0.000289113,0.169722,0,0.169576,0
46441,517,-0.000345178,0.603547,0,0.603143,1
46441,79,-0.000560858,1,-337.462,1,1
46441,601,-0.000575911,9.74E-10,168.681,0,0
46441,445,-0.00221117,1,-1970.86,1,1
46441,343,-9.86E-10,0.927044,0,0.929016,1
46441,181,-1.93E-05,0.603611,0,0.608194,1
46441,367,-0.000157002,0.735504,0,0.737464,1
46441,517,-0.000439423,5.82E-10,125.133,0,0
46441,601,-4.99E-97,1,0,1,1
46441,559,-0.000557275,0.363034,0,0.368928,1
46441,145,-1.79E-05,0.0170626,0,0.019204,0
46441,241,-7.31E-05,0.999987,-3.50724,1,1
46441,523,-0.000306811,4.54E-06,0,0,0
46441,73,-2.38E-06,0.853979,0,0.849533,1
46441,601,-0.000235018,1.32E-09,273.513,0,0
46441,109,-1.10E-07,5.82E-10,104.736,0,0
46441,325,-4.69E-06,0.00029309,0,0.000306914,0
46441,295,-0.000215428,0.173801,0,0.167281,0
46441,541,-2.57E-05,0.0618286,0,0.062203,0
46441,433,-0.000657166,6.30E-05,58.2055,0,0
46441,481,-0.000509827,0.799551,0,0.799448,1
46441,601,-2.66E-06,1,0,1,1
46441,127,-9.34E-05,0.999758,0,1,1
46441,541,-0.000620495,1,-174.828,1,1
46441,529,-0.000300674,0.108925,0,0.109639,0
46441,583,-3.22E-05,2.44E-07,193.859,0,0
46441,601,-0.000184685,0.0111272,0,0.00878058,0
46441,307,-0.000180343,8.07E-08,90.0732,0,0
46441,397,-2.46E-05,1.42E-09,370.574,0,0
46441,91,-3.09E-05,0.776788,0,0.78059,1
46441,175,-0.000183412,0.000117293,0,-8.18E-12,1
46441,601,-0.000277003,0.0402651,0,0.0399986,0
46441,289,-3.10E-05,0.00559876,0,0.00351223,0
46441,577,-0.00157067,1,-663.161,1,1
46441,91,-8.27E-06,0.954139,0,0.956489,1
46441,361,-6.63E-05,0.501125,0,0.501458,1
46441,601,-0.000168087,0.0381805,0,0.0376739,0
46441,343,-0.000876036,1,-617.889,1,1
46441,361,-0.000201812,1,-61.9716,1,1
46441,259,-0.00119863,1,-1810.51,1,1
46441,343,-0.000141901,1,-277.597,1,1
46441,229,-0.000260715,1,-102.34,1,1
46441,289,-0.000182359,0.830278,0,0.830424,1
46441,247,-1.56E-06,0.0649794,0,0.0633162,0
46441,601,-0.000477448,0.0317273,0,0.03323,0
46441,301,-0.00554901,1,-4201.53,1,1
46441,493,-0.000811775,0.979269,0,0.975943,1
46441,217,-0.000621052,1,-401.002,1,1
46441,409,-0.000366501,0.145387,0,0.142365,0
46441,601,-3.75E-102,1,0,1,1
46441,379,-0.00385407,1,-2934.17,1,1
46441,541,-0.000730859,0.0334811,0,0.0369588,0
46441,199,-0.000196218,0.976121,0,0.972359,1
47840.4,601,-8.48E-05,0.20853,0,0.208745,0
47840.4,247,-6.29E-06,1.05E-09,29.6311,0,0
47840.4,379,-0.000145361,1,-201.855,1,1
47840.4,373,-0.000841741,1,-996.147,1,1
47840.4,247,-0.00137047,1,-1342.51,1,1
47840.4,415,-8.09E-05,0.105085,0,0.106206,0
47840.4,421,-9.42E-05,0.250647,0,0.250662,1
47840.4,517,-6.33E-05,0.486815,0,0.487594,1
47840.4,79,-0.000193673,1,-342.821,1,1
47840.4,601,-0.000200008,8.74E-14,540.082,0,0
47840.4,445,-0.00179549,1,-2008.08,1,1
47840.4,343,-9.66E-160,0.943057,0,0.941658,1
47840.4,181,-9.45E-06,0.999892,-5.53846,0.999949,1
47840.4,367,-0.000277364,0.497658,0,0.496113,0
47840.4,517,-0.000215564,7.11E-14,87.4714,0,0
47840.4,601,-3.31E-162,1,0,1,1
47840.4,559,-0.00134635,0.430693,0,0.430721,1
47840.4,145,-0.000447395,0.0074717,0,0.00677368,0
47840.4,241,-2.28E-05,1,-19.584,1,1
47840.4,523,-1.43E-06,0.0224388,0,0.0222405,0
47840.4,73,-7.99E-05,0.241305,0,0.241593,1
47840.4,601,-0.000189296,7.11E-14,336.497,0,0
47840.4,109,-1.64E-07,7.11E-14,98.9463,0,0
47840.4,325,-1.75E-05,1.19E-11,53.0002,0,0
47840.4,295,-0.000570502,0.410234,0,0.410412,1
47840.4,541,-3.15E-05,0.0231818,0,0.022391,0
47840.4,433,-0.00051463,1.00E-10,73.2537,0,0
47840.4,481,-0.000640237,0.539162,0,0.541702,1
47840.4,601,-0.0002873,1,0,1,1
47840.4,127,-0.000162313,1,-64.9186,1,1
47840.4,541,-0.00057775,1,-117.469,1,1
47840.4,529,-0.000383996,0.42423,0,0.425147,1
47840.4,583,-6.61E-05,0.00472364,0,0.00486108,0
47840.4,601,-8.99E-05,0.0337608,0,0.0359508,0
47840.4,307,-0.000340666,8.48E-11,31.0506,0,0
47840.4,397,-2.58E-07,7.11E-14,375.395,0,0
47840.4,91,-0.000338639,0.556434,0,0.556909,1
47840.4,175,-0.000301148,0.00803558,0,0.00447225,0
47840.4,601,-0.00103796,0.0330338,0,0.0345762,0
47840.4,289,-0.000117918,0.0245551,0,0.0247787,0
47840.4,577,-0.000252644,1,-465.193,1,1
47840.4,91,-1.77E-05,0.942411,0,0.940645,1
47840.4,361,-6.50E-05,0.331038,0,0.331368,0
47840.4,601,-0.000548732,0.176947,0,0.176938,0
47840.4,343,-0.00175252,1,-902.971,1,1
47840.4,361,-0.00110807,1,-390.475,1,1
47840.4,259,-0.00350564,1,-2040.94,1,1
47840.4,343,-8.79E-05,1,-110.173,1,1
47840.4,229,-0.000368714,1,-138.054,1,1
47840.4,289,-0.000696942,0.891987,0,0.894315,1
47840.4,247,-2.23E-05,0.224663,0,0.218406,0
47840.4,601,-4.86E-05,0.0046085,0,0.00510622,0
47840.4,301,-0.0046025,1,-4406.87,1,1
47840.4,493,-0.00134947,1,-130.468,1,1
47840.4,217,-0.000557658,1,-338.394,1,1
47840.4,409,-0.00022503,0.195487,0,0.194693,0
47840.4,601,-2.10E-86,1,0,1,1
47840.4,379,-0.00368136,1,-2637.42,1,1
47840.4,541,-0.000353921,3.05E-07,0,0,0
47840.4,199,-4.03E-05,0.998009,0,0.997794,1
50948.6,601,-0.000272314,0.302154,0,0.299929,1
50948.6,247,-1.62E-05,9.31E-09,64.0193,0,0
50948.6,379,-0.000574932,1,-357.641,1,1
50948.6,373,-0.000516922,1,-1126.91,1,1
50948.6,247,-0.00094936,1,-1549.74,1,1
50948.6,415,-0.000242066,0.0426306,0,0.0434064,0
50948.6,421,-0.000119227,0.698733,0,0.696058,1
50948.6,517,-0.000148092,0.797064,0,0.809973,1
50948.6,79,-0.000312523,1,-400.219,1,1
50948.6,601,-1.62E-05,0.0151849,0,0.0149632,0
50948.6,445,-0.00164091,1,-1898.06,1,1
50948.6,343,-9.50E-06,9.31E-09,138.677,0,0
50948.6,181,-5.68E-06,0.419339,0,0.416656,1
50948.6,367,-9.70E-05,0.684449,0,0.683943,1
50948.6,517,-8.37E-06,9.31E-09,206.099,0,0
50948.6,601,-2.84E-87,1,0,1,1
50948.6,559,-0.00141446,0.503329,0,0.498527,0
50948.6,145,-0.000248365,0.0210233,0,0.020836,0
50948.6,241,-0.000159334,0.999986,-9.0555,1,1
50948.6,523,-0.000189667,1.64E-05,128.219,0,0
50948.6,73,-9.41E-05,0.581233,0,0.583344,1
50948.6,601,-0.000450814,9.18E-08,311.022,0,0
50948.6,109,-2.69E-06,9.31E-09,49.3899,0,0
50948.6,325,-5.31E-08,9.31E-09,215.685,0,0
50948.6,295,-0.000128287,0.177828,0,0.176887,0
50948.6,541,-6.28E-06,0.507552,0,0.528846,0
50948.6,433,-0.000852587,2.96E-05,38.2282,0,0
50948.6,481,-0.000561933,0.645134,0,0.649522,1
50948.6,601,-6.54E-06,1,0,1,1
50948.6,127,-7.30E-05,1,-10.765,1,1
50948.6,541,-0.000189804,0.999997,-431.667,1,1
50948.6,529,-4.86E-05,0.141183,0,0.137034,0
50948.6,583,-2.16E-05,9.31E-09,139.826,0,0
50948.6,601,-1.25E-05,0.492448,0,0.471154,1
50948.6,307,-6.40E-08,9.31E-09,300.589,0,0
50948.6,397,-2.04E-12,9.31E-09,0,0,0
50948.6,91,-7.98E-06,0.495791,0,0.501336,1
50948.6,175,-2.17E-05,0.390154,0,0.39167,0
50948.6,601,-0.000193011,0.00787646,0,0.00784283,0
50948.6,289,-1.28E-09,0.198175,0,0.196866,0
50948.6,577,-0.00145256,1,-204.406,1,1
50948.6,91,-1.56E-06,0.992127,0,0.992157,1
50948.6,361,-3.38E-05,0.793948,0,0.795291,1
50948.6,601,-8.98E-05,0.143504,0,0.143002,0
50948.6,343,-0.000661928,1,-733.835,1,1
50948.6,361,-0.000102861,1,-378.121,1,1
50948.6,259,-0.000427797,1,-1727.91,1,1
50948.6,343,-0.000148248,1,-168.093,1,1
50948.6,229,-4.80E-05,1,-40.6064,1,1
50948.6,289,-0.000475081,0.99994,0,1,1
50948.6,247,-1.59E-42,0.149045,0,0.149044,1
50948.6,601,-0.00016174,4.41E-08,0,0,0
50948.6,301,-0.00444169,1,-4271.06,1,1
50948.6,493,-0.000152642,0.981754,0,0.981536,1
50948.6,217,-0.000307161,1,-502.308,1,1
50948.6,409,-0.000122902,0.316608,0,0.31463,0
50948.6,601,-5.53E-87,1,0,1,1
50948.6,379,-0.00313147,1,-3142.3,1,1
50948.6,541,-0.000531009,0.173173,0,0.178367,0
50948.6,199,-6.93E-05,1,0,1,1
130916,6005,-0.00249933,0.259206,0,0.258827,0
130916,2462,-0.000916173,2.71E-19,266.685,0,0
130916,3783,-0.00227824,0.169148,0,0.16722,1
130916,3723,-0.0033714,1,-2809.03,1,1
130916,2462,-0.00191108,1,-1488.36,1,1
130916,4144,-0.00168011,0.102949,0,0.102941,1
130916,4204,-0.00182788,0.733394,0,0.733853,1
130916,5164,-0.00189333,2.84E-15,709.079,0,1
130916,781,-0.000357392,1,-517.932,1,1
130916,6005,-0.000828506,0.102101,0,0.102256,0
130916,4444,-0.00198737,0.590125,0,0.590504,1
130916,3423,-0.000229263,0.715051,0,0.714598,0
130916,1802,-0.000809384,0.4687,0,0.468636,0
130916,3663,-0.00281069,0.622858,0,0.62381,1
130916,5164,-0.00132224,2.71E-19,2535.33,0,0
130916,6005,-8.32E-08,1,0,1,1
130916,5585,-0.00160617,2.71E-19,2201.33,0,0
130916,1442,-0.0005225,2.86E-09,809.861,0,0
130916,2402,-0.00039375,0.715051,0,0.714598,0
130916,5225,-0.000831274,2.71E-19,3717.92,0,0
130916,721,-0.00038658,0.736516,0,0.736862,1
130916,6005,-0.00179248,0.0875308,0,0.0881102,0
130916,1081,-0.000257978,2.71E-19,799.913,0,0
130916,3243,-0.000237572,0.011932,0,0.0118936,0
130916,2943,-0.00296154,0.00693431,0,0.0073469,0
130916,5405,-0.000655062,0.00318216,0,0.00317163,0
130916,4324,-0.000731377,2.71E-19,2100.83,0,0
130916,4804,-0.00237017,3.96E-14,727.894,0,0
130916,6005,-2.80E-07,1,0,1,1
130916,1261,-0.000495234,0.264959,0,0.266716,1
130916,5405,-0.00231976,0.853491,0,0.852029,1
130916,5285,-0.0014995,0.144106,0,0.145248,0
130916,5825,-0.00185458,1.87E-09,1148.62,0,0
130916,6005,-0.000225381,0.281767,0,0.28223,1
130916,3063,-0.00128506,2.25E-10,0,0,0
130916,3964,-0.00104856,2.40E-15,762.823,0,0
130916,901,-0.000186008,0.200582,0,0.199718,0
130916,1742,-0.000716038,2.71E-19,353.028,0,0
130916,6005,-0.0021897,0.113529,0,0.113512,0
130916,2883,-0.000441039,0.113527,0,0.113512,1
130916,5765,-0.00193596,0.772944,0,0.772976,0
130916,901,-2.23E-05,1,-78.7154,1,1
130916,3603,-0.000690535,0.772944,0,0.772976,1
130916,6005,-0.00179857,0.0753104,0,0.0752466,0
130916,3423,-0.0013425,0.53421,0,0.531869,0
130916,3603,-0.00124611,0.847145,0,0.849499,1
130916,2582,-0.0011941,1,-1703.74,1,1
130916,3423,-0.00066113,0.912469,0,0.91189,1
130916,2282,-0.00113812,2.71E-19,406.229,0,0
130916,2883,-0.000786229,0.179075,0,0.178037,1
130916,2462,-0.000452704,0.298235,0,0.297557,0
130916,6005,-0.000478065,0.115965,0,0.115703,0
130916,3003,-0.00615708,1,-8162.49,1,1
130916,4924,-0.00107554,0.884035,0,0.884297,1
130916,2162,-0.00119049,0.908688,0,0.909748,1
130916,4084,-0.00124845,0.011932,0,0.0118936,0
130916,6005,-1.07E-06,0.988068,0,0.988106,1
130916,3783,-0.00485017,1,-3460.46,1,1
130916,5405,-0.000828022,0.011932,0,0.0118936,0
130916,1982,-0.000854521,0.66094,0,0.661942,0
133007,6005,-0.00372341,0.543586,0,0.544499,1
133007,2462,-0.000613625,1.46E-10,293.977,0,0
133007,3783,-0.000886148,0.132867,0,0.13136,0
133007,3723,-0.00227737,1,-2564.91,1,1
133007,2462,-0.000926381,1,-1715.11,1,1
133007,4144,-0.000928804,0.226258,0,0.228791,0
133007,4204,-0.000385918,0.71525,0,0.716464,1
133007,5164,-0.00250619,1.46E-10,483.179,0,0
133007,781,-0.000272134,1,-822,1,1
133007,6005,-0.00114446,0.0860936,0,0.0854044,0
133007,4444,-0.000760734,0.983009,0,0.983547,1
133007,3423,-0.000253179,0.637402,0,0.638589,0
133007,1802,-0.000273423,0.553727,0,0.550275,1
133007,3663,-0.00164891,0.486292,0,0.486968,1
133007,5164,-0.00253319,1.46E-10,962.598,0,0
133007,6005,-6.06E-14,1,0,1,1
133007,5585,-0.00384351,1.46E-10,1406.62,0,0
133007,1442,-0.0016959,0.00824565,0,0.00765906,0
133007,2402,-0.00119362,0.637402,0,0.638589,0
133007,5225,-0.00192178,1.46E-10,2553.27,0,0
133007,721,-6.07E-05,0.628335,0,0.625887,1
133007,6005,-0.00163553,0.116176,0,0.115612,0
133007,1081,-0.000127689,1.46E-10,762.709,0,0
133007,3243,-0.0016893,1.46E-10,1104.47,0,0
133007,2943,-0.00183056,0.000138579,0,0,0
133007,5405,-0.00119385,0.00587329,0,0.00587403,0
133007,4324,-0.00220409,1.46E-10,0,0,0
133007,4804,-0.00251499,1.46E-10,505.238,0,0
133007,6005,8.88E-06,1,0,1,1
133007,1261,-0.0011787,0.580327,0,0.578547,1
133007,5405,-0.00261213,0.608875,0,0.609593,0
133007,5285,-0.00259812,0.0568219,0,0.056462,0
133007,5825,-0.00132585,1.46E-10,2868.8,0,0
133007,6005,-0.00168192,0.356725,0,0.355537,1
133007,3063,-0.000835929,1.46E-10,667.16,0,0
133007,3964,-0.00159428,4.42E-06,274.662,0,1
133007,901,-0.00125967,0.294991,0,0.294882,0
133007,1742,-0.00101283,1.52E-07,206.147,0,0
133007,6005,-0.00259913,0.118823,0,0.118686,0
133007,2883,-0.00205371,0.0495247,0,0.0493895,0
133007,5765,-0.0025441,0.831652,0,0.831924,1
133007,901,-0.00130467,0.719498,0,0.715061,1
133007,3603,-0.00151533,0.448404,0,0.45294,1
133007,6005,-0.00282405,0.145407,0,0.145322,0
133007,3423,-0.0020014,0.640789,0,0.637507,1
133007,3603,-0.00198542,0.6433,0,0.644463,1
133007,2582,-0.00515899,1,-3190.11,1,1
133007,3423,-0.00169975,0.85458,0,0.854678,1
133007,2282,-0.00103885,0.0415576,0,0.0405343,0
133007,2883,-0.000720708,0.197819,0,0.197634,1
133007,2462,-0.00163649,0.61523,0,0.616509,0
133007,6005,-0.00453209,0.145059,0,0.145221,0
133007,3003,-0.00341683,1,-7724.17,1,1
133007,4924,-0.00309562,0.688786,0,0.687985,1
133007,2162,-0.00112609,0.637402,0,0.638589,1
133007,4084,-0.00135196,0.166154,0,0.166794,0
133007,6005,-3.81E-113,1,0,1,1
133007,3783,-0.00227516,1,-3545.82,1,1
133007,5405,-0.000811231,1.46E-10,2243.21,0,0
133007,1982,-0.000212014,0.337766,0,0.338524,0
141750,6005,-0.00179525,0.392049,0,0.393269,1
141750,2462,-0.00038655,8.24E-09,613.923,0,0
141750,3783,-0.00203306,0.999828,-120.704,1,0
141750,3723,-0.00243053,1,-3715.98,1,1
141750,2462,-0.00186667,1,-1874.35,1,1
141750,4144,-0.00131063,0.0938667,0,0.0923786,0
141750,4204,-0.00145841,0.302247,0,0.306072,1
141750,5164,-0.0011585,0.130744,0,0.122958,0
141750,781,-0.000937378,1,-736.284,1,1
141750,6005,-0.000439033,0.371626,0,0.37571,1
141750,4444,-0.00139264,0.78983,0,0.796788,1
141750,3423,-0.00049277,0.126176,0,0.125621,0
141750,1802,-0.00192632,0.482543,0,0.478723,0
141750,3663,-0.00159468,0.264099,0,0.266643,0
141750,5164,-0.000366095,7.28E-11,1002.08,0,0
141750,6005,-1.30E-86,1,0,1,1
141750,5585,-0.00170335,7.28E-11,2589.89,0,0
141750,1442,-0.000643923,3.47E-09,0,0,0
141750,2402,-0.00107293,0.078046,0,0.0783344,0
141750,5225,-0.000135639,7.28E-11,3544.39,0,0
141750,721,-0.000502977,0.720353,0,0.722101,1
141750,6005,-5.84E-05,0.257526,0,0.25738,1
141750,1081,-1.53E-53,7.28E-11,0,0,0
141750,3243,-5.50E-05,7.28E-11,1956.42,0,0
141750,2943,-0.00162779,2.05E-07,0,0,0
141750,5405,-8.96E-06,0.492992,0,0.492367,0
141750,4324,-0.000473366,7.28E-11,2776.53,0,0
141750,4804,-0.00140919,7.28E-11,1605.05,0,0
141750,6005,-5.92E-07,1,0,1,1
141750,1261,-0.000682731,0.597049,0,0.601356,0
141750,5405,-0.00329564,0.735884,0,0.733357,1
141750,5285,-0.00134173,0.000147062,1065.77,0,0
141750,5825,-0.000316317,7.28E-11,2996.27,0,0
141750,6005,-7.56E-05,0.507008,0,0.507633,1
141750,3063,-0.00011531,7.28E-11,1468.33,0,0
141750,3964,-0.00173828,5.99E-10,652.497,0,0
141750,901,-0.000289166,0.264132,0,0.266643,0
141750,1742,-0.000320498,7.28E-11,919.026,0,0
141750,6005,-0.00037315,0.227055,0,0.224269,0
141750,2883,-0.000111277,0.0559065,0,0.0578492,0
141750,5765,-0.00329182,0.720353,0,0.722101,1
141750,901,-1.20E-06,0.772945,0,0.775731,1
141750,3603,-0.00160233,0.769631,0,0.771511,1
141750,6005,-0.0014364,0.185781,0,0.18552,0
141750,3423,-0.00115157,0.0811919,0,0.0814678,0
141750,3603,-0.00122336,0.846865,0,0.844907,0
141750,2582,-0.00188891,1,-2174.5,1,1
141750,3423,-0.000640983,1,-152.861,1,1
141750,2282,-0.000799935,7.28E-11,0,0,0
141750,2883,-5.87E-05,0.502198,0,0.498668,1
141750,2462,-6.83E-05,0.583285,0,0.586388,1
141750,6005,-5.69E-05,0.122309,0,0.122095,0
141750,3003,-0.00532171,1,-7080.85,1,1
141750,4924,-0.000305256,0.877691,0,0.877905,1
141750,2162,-0.000964571,1,-396.269,1,0
141750,4084,-0.000424571,8.33E-08,272.259,0,0
141750,6005,-7.47E-74,1,0,1,1
141750,3783,-0.00314886,1,-3530.57,1,1
141750,5405,-0.000913643,7.28E-11,1591.98,0,0
141750,1982,-0.000988684,0.590365,0,0.590687,0
186884,14338,-0.00234429,7.45E-08,7823.77,0,0
186884,13191,-0.00185509,7.45E-08,7375.57,0,0
186884,10897,-0.00315422,0.427636,0,0.432959,0
186884,11041,-0.00169811,0.307316,0,0.298876,0
186884,5162,-0.00132217,0.572363,0,0.567041,1
186884,13478,-0.00156205,7.45E-08,6225.03,0,0
186884,10324,-0.00123595,7.45E-08,0,0,0
186884,14338,-0.00167612,0.096257,0,0.10803,0
186884,2725,-0.000683455,0.872349,0,0.865918,1
186884,13478,-0.00057452,0.00201181,0,0,0
186884,12474,-0.000137242,0.566704,0,0.567041,1
186884,9894,-8.16E-58,0.335027,0,0.324929,0
186884,14338,-0.000299575,7.45E-08,11690.4,0,0
186884,5019,-0.00194714,0.57456,0,0.567041,1
186884,1578,-7.40E-05,0.100544,0,0.10803,1
186884,3155,-0.000497655,0.572349,0,0.567041,1
186884,12044,-0.000508323,7.45E-08,6787.78,0,0
186884,14338,-6.78E-07,7.45E-08,10678.2,0,0
186884,10037,-0.00297303,0.425385,0,0.432959,1
186884,1434,-1.36E-05,0.574555,0,0.567041,0
186884,5879,-0.00041758,7.45E-08,2382.81,0,0
186884,6739,-0.0003862,6.02E-05,0,0,0
186884,12905,-6.40E-05,7.45E-08,5584.49,0,0
186884,14195,-0.00324759,7.45E-08,4266.38,0,0
186884,10467,-0.00104316,7.45E-08,459.081,0,0
186884,14338,-0.000207464,7.45E-08,6302.83,0,0
186884,12905,-0.00355446,0.126105,0,0.134082,0
186884,7456,-0.00156384,0.873824,0,0.865918,1
186884,3728,-0.000323987,0.999886,0,1,1
186884,9320,-0.00155028,7.12E-05,449.162,0,0
186884,14338,-0.0012074,7.45E-08,11370.4,0,0
186884,9464,-0.00124081,7.45E-08,2849.18,0,0
186884,6022,-0.000659303,1,0,1,1
186884,4875,-0.000524987,7.45E-08,2459.75,0,0
186884,5449,-0.000139797,0.00123325,0,0,0
186884,10754,-0.000738351,7.45E-08,3014.17,0,0
186884,14338,-0.000471012,7.45E-08,7671.39,0,0
186884,4589,-0.00138525,7.45E-08,1270.31,0,0
186884,5592,-0.00568042,0.999701,0,1,1
186884,10324,-0.00309474,0.000581696,0,0,0
186884,3442,-0.0023223,0.424955,0,0.432959,1
186884,11901,-0.00737248,7.45E-08,7742.77,0,0
186884,14338,-0.000795891,0.000114048,0,0,0
186884,8316,-0.00106553,0.433296,0,0.432959,1
186884,2295,-0.00208001,0.999554,-677.142,1,1
186884,10611,-0.00260972,0.227291,0,0.242112,0
186884,10180,-0.00193755,0.339299,0,0.324929,0
186884,14338,-0.000364653,7.45E-08,11076,0,0
186884,7313,-0.0008862,0.565948,0,0.567041,1
186884,10324,-0.00165176,7.45E-08,3094.77,0,0
186884,1864,-0.000368543,0.434052,0,0.432959,0
186884,6596,-0.000999161,7.45E-08,1752.63,0,0
186884,11471,-0.000225327,7.45E-08,4648.88,0,0
186884,14338,-0.000227435,7.45E-08,12760.1,0,0
186884,4158,-0.00103321,0.426022,0,0.432959,1
186884,1721,-8.38E-34,0.999886,0,1,1
186884,4589,-0.00265916,0.999372,-389.355,1,1
186884,4302,-0.00149356,0.450864,0,0.432959,0
186884,5162,-1.85E-07,0.124747,0,0.134082,0
186884,8173,-0.00445116,5.50E-05,1222.82,0,0
188494,14338,-0.00170849,7.45E-08,0,0,0
188494,13191,-0.00200078,7.45E-08,0,0,0
188494,10897,-0.00441025,0.397882,0,0.398664,0
188494,11041,-0.00152488,0.202946,0,0.202699,0
188494,5162,-2.29E-05,0.676408,0,0.676479,1
188494,13478,-0.0017352,7.45E-08,0,0,0
188494,10324,-0.00143672,7.45E-08,0,0,0
188494,14338,-0.00254683,0.074577,0,0.0751308,0
188494,2725,-0.000671111,0.797405,0,0.797343,1
188494,13478,-0.00198735,0.000296995,0,8.26E-06,1
188494,12474,-0.00050892,0.602052,0,0.60134,0
188494,9894,-1.26E-08,0.323073,0,0.323521,0
188494,14338,-0.000533799,7.45E-08,0,0,0
188494,5019,-0.00170813,0.632814,0,0.632831,1
188494,1578,-2.37E-05,0.0747002,0,0.0751729,1
188494,3155,-0.00279465,0.676666,0,0.676475,1
188494,12044,-0.00038901,7.45E-08,0,0,0
188494,14338,-0.000149933,7.45E-08,0,0,0
188494,10037,-0.00297501,0.451114,0,0.4507,1
188494,1434,-0.000354589,0.548718,0,0.549297,0
188494,5879,-0.00102485,8.73E-08,1398.71,0,0
188494,6739,-0.000306799,0.000167369,0,2.63E-06,0
188494,12905,-0.000665587,7.45E-08,7628.05,0,0
188494,14195,-0.00381865,7.45E-08,0,0,0
188494,10467,-0.00217823,7.45E-08,110.631,0,0
188494,14338,-0.000552777,7.45E-08,0,0,0
188494,12905,-0.00387327,0.203113,0,0.202676,0
188494,7456,-0.00144711,0.796722,0,0.797324,1
188494,3728,-0.00162644,0.398207,0,0.398664,0
188494,9320,-0.00249307,0.000165313,0,0,0
188494,14338,-0.000833051,7.45E-08,0,0,0
188494,9464,-0.00121753,1.10E-07,0,0,0
188494,6022,-0.00487063,1,-2174.71,1,1
188494,4875,-0.000718713,7.45E-08,0,0,0
188494,5449,-0.000353682,1.40E-07,0,0,0
188494,10754,-0.00109884,7.45E-08,0,0,0
188494,14338,-0.00037551,7.45E-08,8303.28,0,0
188494,4589,-0.000667271,7.45E-08,634.669,0,0
188494,5592,-0.000611617,0.999968,-129.631,1,1
188494,10324,-0.00144353,8.77E-05,0,5.08E-07,0
188494,3442,-0.00194239,0.450968,0,0.4507,1
188494,11901,-0.00263898,7.45E-08,0,0,0
188494,14338,-0.000475607,8.03E-08,0,0,0
188494,8316,-0.000793463,0.397948,0,0.39866,1
188494,2295,-0.001024,0.999945,-234.017,1,1
188494,10611,-0.00160461,0.278072,0,0.277852,0
188494,10180,-0.00195147,0.32398,0,0.323488,0
188494,14338,-0.000736738,7.45E-08,0,0,0
188494,7313,-0.000972676,0.601792,0,0.601336,0
188494,10324,-0.00183575,7.45E-08,0,0,0
188494,1864,-0.000147374,0.398208,0,0.398664,1
188494,6596,-0.00138466,7.45E-08,0,0,0
188494,11471,-0.000405454,7.45E-08,0,0,0
188494,14338,-0.000635308,7.45E-08,0,0,0
188494,4158,-0.00116094,0.549061,0,0.548539,1
188494,1721,-7.69E-53,1,0,1,1
188494,4589,-0.000713836,0.999888,-114.02,1,1
188494,4302,-0.0011899,0.352741,0,0.353346,0
188494,5162,-1.01E-05,0.195006,0,0.195961,1
188494,8173,-0.000324354,4.40E-05,0,8.26E-06,0
190609,14338,-0.00344798,3.73E-08,0,0,0
190609,13191,-0.00286387,3.73E-08,0,0,0
190609,10897,-0.00455555,0.42141,0,0.423822,0
190609,11041,-0.00273322,0.270527,0,0.271467,0
190609,5162,-0.00130929,0.719794,0,0.721317,1
190609,13478,-0.00265754,3.73E-08,6904.35,0,0
190609,10324,-0.00157507,3.73E-08,661.072,0,0
190609,14338,-0.00136731,0.200266,0,0.197503,0
190609,2725,-0.00139162,0.83013,0,0.828183,1
190609,13478,-0.000869448,0.000807057,0,0,0
190609,12474,-0.000297248,0.577773,0,0.576178,1
190609,9894,-8.54E-06,0.221154,0,0.226319,0
190609,14338,-0.000423091,3.73E-08,0,0,0
190609,5019,-0.00193009,0.577297,0,0.576178,1
190609,1578,-7.23E-05,0.279719,0,0.278683,0
190609,3155,-0.00134133,0.720281,0,0.721317,1
190609,12044,-0.000415567,3.73E-08,6249.22,0,0
190609,14338,-0.00023437,3.73E-08,10848.6,0,0
190609,10037,-0.00428364,0.421569,0,0.423822,1
190609,1434,-0.000129172,0.578418,0,0.576178,0
190609,5879,-0.000723554,3.73E-08,2501.12,0,0
190609,6739,-0.000546448,1.28E-05,0,0,0
190609,12905,-0.000498569,3.73E-08,5869.34,0,0
190609,14195,-0.00272796,3.73E-08,0,0,0
190609,10467,-0.00191379,3.73E-08,607.347,0,0
190609,14338,-0.000485166,3.73E-08,6509.16,0,0
190609,12905,-0.0035867,0.152001,0,0.152355,0
190609,7456,-0.00213176,0.847781,0,0.847645,1
190609,3728,-1.11E-05,1,0,1,1
190609,9320,-0.00138792,0.000217079,0,0,0
190609,14338,-0.000611154,3.73E-08,11736.9,0,0
190609,9464,-0.00275918,3.73E-08,0,0,0
190609,6022,-0.00112899,1,0,1,1
190609,4875,-0.000333784,3.73E-08,3271.99,0,0
190609,5449,-0.000235164,0.000326412,0,1.08E-13,0
190609,10754,-0.00103793,3.73E-08,3008.31,0,0
190609,14338,-0.000563293,3.73E-08,8092.39,0,0
190609,4589,-0.00136394,3.73E-08,1594.1,0,0
190609,5592,-0.00354088,0.999833,-514.272,1,1
190609,10324,-0.00225352,0.00015683,1518.17,0,0
190609,3442,-2.08E-05,0.421354,0,0.423822,1
190609,11901,-0.00182887,3.73E-08,8645.52,0,0
190609,14338,-0.000195579,3.73E-08,2742.59,0,0
190609,8316,-0.00102577,0.434175,0,0.437638,1
190609,2295,-0.00106591,0.999954,-407.75,1,1
190609,10611,-0.00209894,0.340629,0,0.336042,0
190609,10180,-0.00143574,0.225195,0,0.226319,0
190609,14338,-0.00123435,3.73E-08,0,0,0
190609,7313,-0.00174698,0.577604,0,0.576178,1
190609,10324,-0.00270205,3.73E-08,2964.22,0,0
190609,1864,-0.000272814,0.422396,0,0.423822,1
190609,6596,-0.00315304,3.73E-08,889.534,0,0
190609,11471,-0.000854105,3.73E-08,0,0,0
190609,14338,-0.000131266,3.73E-08,13447.2,0,0
190609,4158,-0.00152926,0.575902,0,0.576178,1
190609,1721,-0.000209131,1,0,1,1
190609,4589,-0.00203244,1,-136.308,1,1
190609,4302,-0.00124797,0.425999,0,0.423822,0
190609,5162,-0.000110243,0.151373,0,0.152355,0
190609,8173,-0.00392796,0.000169556,0,0,0
158789,7169,-0.00537587,3.26E-06,0,0,0
158789,6596,-0.00124526,9.31E-09,0,0,0
158789,5449,-0.00385099,0.999992,-776.576,1,1
158789,5521,-0.00214705,0.517249,0,0.516753,0
158789,2581,-0.00102095,0.994702,0,0.994875,1
158789,6739,-0.00355697,0.00522354,0,0.0050517,0
158789,5162,-0.000260099,0.265791,0,0.266049,0
158789,7169,-0.000767147,2.62E-05,0,4.41E-07,0
158789,1363,-0.000776384,1,-452.032,1,1
158789,6739,-0.000885326,0.161034,0,0.160912,0
158789,6237,-0.00116177,0.424516,0,0.424683,1
158789,4947,-0.000152608,0.414423,0,0.414405,0
158789,7169,-0.00139557,9.31E-09,4706.21,0,0
158789,2510,-0.00159231,1,-373.13,1,1
158789,789,-0.000182352,0.483536,0,0.483832,0
158789,1578,-0.00168846,1,-1862.79,1,1
158789,6022,-0.00203328,5.87E-06,0,0,0
158789,7169,-0.000872911,9.31E-09,0,0,0
158789,5019,-0.000501182,0.999971,-216.79,1,1
158789,717,-0.000421771,0.424524,0,0.42469,1
158789,2940,-0.000227199,9.31E-09,0,0,0
158789,3370,-0.000739199,6.41E-06,0,1.28E-05,0
158789,6453,-0.000244671,9.31E-09,804.851,0,0
158789,7098,-0.00206228,9.31E-09,1968.46,0,0
158789,5234,-0.00125099,9.31E-09,162.754,0,0
158789,7169,-0.00245524,1.78E-05,0,0,0
158789,6453,-0.00212221,0.424495,0,0.424683,1
158789,3728,-0.00229265,0.999997,-324.597,1,1
158789,1864,-0.000380339,0.734209,0,0.733951,1
158789,4660,-0.0008098,3.44E-06,287.556,0,0
158789,7169,-0.000476613,9.31E-09,2170.74,0,0
158789,4732,-0.00137643,0.0722114,0,0.0727851,0
158789,3011,-0.00159672,1,-1042.91,1,1
158789,2438,-0.000459051,9.31E-09,0,0,0
158789,2725,-0.000456883,0.0690545,0,0.0690818,1
158789,5377,-0.000497827,0.734209,0,0.733951,1
158789,7169,-0.00191303,9.31E-09,0,0,0
158789,2295,-0.00131023,3.94E-06,0,0,0
158789,2796,-0.00176784,1,-1801.36,1,1
158789,5162,-0.00232639,0.125904,0,0.126662,1
158789,1721,-0.000416135,0.999971,0,1,1
158789,5951,-0.00286532,9.31E-09,2283.03,0,0
158789,7169,-0.00162017,9.31E-09,375.002,0,0
158789,4158,-0.00222674,0.56845,0,0.568486,1
158789,1148,-0.0019554,1,-2790.99,1,1
158789,5306,-0.00278023,0.115323,0,0.1148,0
158789,5090,-0.002393,0.527581,0,0.52731,0
158789,7169,-0.00157497,9.31E-09,0,0,0
158789,3657,-0.00161105,0.33659,0,0.336593,1
158789,5162,-0.000685779,2.94E-05,0,0,0
158789,932,-0.000136682,0.570341,0,0.57041,0
158789,3298,-0.00169775,0.093044,0,0.0929968,0
158789,5736,-0.00118243,9.31E-09,715.137,0,0
158789,7169,-0.000983139,9.31E-09,4624.84,0,0
158789,2079,-0.000404776,0.84607,0,0.845914,1
158789,861,-0.000193913,1,-102.763,1,1
158789,2295,-0.00126045,1,-1371.65,1,1
158789,2151,-0.000537307,0.000105277,0,9.13E-06,0
158789,2581,-0.000696193,0.413697,0,0.414166,0
158789,4087,-0.00142079,0.154039,0,0.154089,0
165262,7169,-0.00113883,0.0100199,0,0.01047,1
165262,6596,-0.0010634,1.14E-12,2375.28,0,0
165262,5449,-0.0018399,0.999998,-146.785,1,1
165262,5521,-0.00148788,0.543627,0,0.541881,0
165262,2581,-0.000557787,0.858206,0,0.858562,1
165262,6739,-0.00131624,0.141783,0,0.141438,0
165262,5162,-1.26E-06,0.311268,0,0.313056,0
165262,7169,-0.000792585,0.00012421,0,1.38E-13,0
165262,1363,-0.000598995,0.986544,0,0.989703,1
165262,6739,-0.00126547,0.0751669,0,0.0765314,0
165262,6237,-0.00148841,0.684965,0,0.68332,1
165262,4947,-0.000481018,0.239744,0,0.240149,0
165262,7169,-0.000411222,1.14E-12,3614.3,0,0
165262,2510,-0.000926169,1,-880.554,1,1
165262,789,-6.93E-05,0.245906,0,0.245247,1
165262,1578,-0.000395411,1,-1063.33,1,1
165262,6022,-0.000923547,0.00817408,0,0.00765405,0
165262,7169,-0.00133625,1.14E-12,4727.17,0,0
165262,5019,-0.00197829,0.848965,0,0.849733,1
165262,717,-2.64E-05,0.674858,0,0.67285,0
165262,2940,-0.00065058,1.14E-12,746.312,0,0
165262,3370,-0.000443361,4.72E-07,1297.3,0,0
165262,6453,-3.54E-05,1.14E-12,694.817,0,0
165262,7098,-0.00169949,1.14E-12,1485.9,0,0
165262,5234,-0.000878344,1.14E-12,0,0,0
165262,7169,-0.000483861,0.0686613,0,0.0687373,0
165262,6453,-0.00119977,0.684954,0,0.68332,1
165262,3728,-0.000820894,0.999993,-185.777,1,1
165262,1864,-2.81E-05,0.668365,0,0.665843,1
165262,4660,-2.53E-05,0.246385,0,0.247943,0
165262,7169,-0.000753148,1.14E-12,4362.15,0,0
165262,4732,-0.00216817,0.00881598,0,0.00837062,0
165262,3011,-0.00451404,1,-2933.98,1,1
165262,2438,-0.000442927,1.14E-12,0,0,0
165262,2725,-0.000258913,0.209135,0,0.213258,0
165262,5377,-0.00042364,0.668365,0,0.665843,1
165262,7169,-0.00115283,1.14E-12,1716.09,0,0
165262,2295,-0.000365392,1.83E-06,0,0,0
165262,2796,-0.00184777,1,-1489.49,1,1
165262,5162,-0.00145284,0.151038,0,0.150267,0
165262,1721,-4.57E-08,0.84896,0,0.849733,1
165262,5951,-0.00167762,1.14E-12,1219.57,0,0
165262,7169,-0.000563579,0.0203672,0,0.0211018,0
165262,4158,-0.00140291,0.519868,0,0.520352,0
165262,1148,-0.00160518,1,-4245.61,1,1
165262,5306,-0.00163894,0.150499,0,0.150264,0
165262,5090,-0.00171674,0.52891,0,0.529028,1
165262,7169,-0.00144097,1.44E-09,0,0,0
165262,3657,-0.000865352,0.532862,0,0.535076,1
165262,5162,-0.000340735,3.53E-06,1570.98,0,0
165262,932,-0.000149344,0.426173,0,0.42426,1
165262,3298,-0.000546906,0.0409874,0,0.0406644,0
165262,5736,-0.000719286,1.14E-12,965.242,0,0
165262,7169,-0.000700557,1.14E-12,4128.88,0,0
165262,2079,-0.000732971,0.924822,0,0.923469,1
165262,861,-0.000155157,1,-233.143,1,1
165262,2295,-0.0014157,1,-1208.28,1,1
165262,2151,-0.000550772,0.150983,0,0.150267,0
165262,2581,-0.000281053,0.247238,0,0.244861,1
165262,4087,-0.000907556,0.274135,0,0.276016,0
167028,7169,-0.000868175,0.0465606,0,0.047209,0
167028,6596,-0.000941698,1.19E-06,2389.09,0,0
167028,5449,-0.00175745,0.999999,-334.96,1,1
167028,5521,-0.0018324,0.545697,0,0.544516,1
167028,2581,-0.0015539,0.718183,0,0.719342,1
167028,6739,-0.0019193,0.281875,0,0.280658,1
167028,5162,-0.00012532,0.125864,0,0.127616,0
167028,7169,-0.00101252,0.0558579,0,0.0555534,0
167028,1363,-0.000743852,0.901968,0,0.900338,1
167028,6739,-0.00137807,0.0778322,0,0.0791312,0
167028,6237,-0.00105991,0.545615,0,0.544516,1
167028,4947,-0.000208952,0.320697,0,0.320799,0
167028,7169,-0.000314133,1.96E-06,0,0,0
167028,2510,-0.000847369,0.999999,-1324,1,1
167028,789,-0.000192757,0.121025,0,0.121075,1
167028,1578,-0.000210867,0.999999,-1794.12,1,1
167028,6022,-0.000746028,1.41E-06,0,0,0
167028,7169,-0.000970018,1.19E-06,0,0,0
167028,5019,-0.00105405,0.823051,0,0.822501,1
167028,717,-1.36E-05,0.624014,0,0.624176,0
167028,2940,-3.82E-05,1.19E-06,0,0,0
167028,3370,-0.000515738,1.19E-06,704.283,0,0
167028,6453,-0.000279481,1.19E-06,0,0,0
167028,7098,-0.00162233,1.19E-06,2393.75,0,0
167028,5234,-0.000982643,1.19E-06,997.254,0,0
167028,7169,-0.000553297,0.0615548,0,0.0628046,0
167028,6453,-0.00100019,0.545162,0,0.544516,1
167028,3728,-0.00114492,0.999999,-1405.47,1,1
167028,1864,-1.94E-07,0.873414,0,0.871727,1
167028,4660,-6.19E-05,0.393284,0,0.392679,0
167028,7169,-4.69E-05,1.19E-06,404.162,0,0
167028,4732,-0.00174305,0.108613,0,0.111128,0
167028,3011,-0.00251513,0.999999,-7144.3,1,1
167028,2438,-0.000373811,1.25E-06,0,0,0
167028,2725,-0.000161812,0.133238,0,0.135067,0
167028,5377,-0.00082626,0.873414,0,0.871727,1
167028,7169,-0.00100377,1.19E-06,1517.93,0,0
167028,2295,-0.000222983,0.000178852,0,0,0
167028,2796,-0.00202148,0.999999,-2758.15,1,1
167028,5162,-0.0014203,0.376631,0,0.382302,0
167028,1721,-0.00100209,0.823041,0,0.822501,1
167028,5951,-0.00153241,1.19E-06,0,0,0
167028,7169,-0.000492997,0.000723697,0,0.000656974,0
167028,4158,-0.00129949,0.661091,0,0.657874,1
167028,1148,-0.00207377,0.999999,-4182.29,1,1
167028,5306,-0.00170684,0.170188,0,0.168234,0
167028,5090,-0.00181018,0.606855,0,0.608016,1
167028,7169,-0.000343865,0.00148963,0,0.00135347,0
167028,3657,-0.00122197,0.171546,0,0.170811,0
167028,5162,-9.90E-05,2.25E-05,0,0,0
167028,932,-0.000224359,0.764438,0,0.76527,1
167028,3298,-0.000297801,0.0635736,0,0.0639192,0
167028,5736,-0.00110134,1.19E-06,305.232,0,0
167028,7169,-0.000102779,1.19E-06,5793.58,0,0
167028,2079,-0.000745854,0.922267,0,0.920869,1
167028,861,-0.000536114,0.999999,-345.586,1,1
167028,2295,-0.00173325,0.999999,-1549.99,1,1
167028,2151,-0.00054972,0.176923,0,0.177499,0
167028,2581,-0.000778294,0.321066,0,0.320416,0
167028,4087,-0.00120165,0.265852,0,0.264696,1
182783,1434,-6.25E-14,1,0,1,1
182783,1320,-0.000561663,0.999939,-1210.27,1,1
182783,1090,-0.00241519,0.999939,-7882,1,1
182783,1105,-0.000391522,0.999939,-425.62,1,1
182783,517,-0.00130699,0.999972,-4443.02,1,1
182783,1348,-0.000624331,0.999979,-4395.66,1,1
182783,1033,-0.00049582,0.999939,-806.727,1,1
182783,1434,-0.000319683,0.951526,0,0.952886,1
182783,273,-0.000550636,1,-1333.9,1,1
182783,1348,-0.000682225,0.999878,-1264.72,1,1
182783,1248,-0.00291523,0.999954,-8227.97,1,1
182783,990,-0.000490854,0.999939,-519.376,1,1
182783,1434,-9.59E-34,1,0,1,1
182783,502,-0.000888435,0.999939,-2739.56,1,1
182783,158,-0.000432626,0.99997,-636.588,1,1
182783,316,-0.00012654,0.99557,-61.5591,1,1
182783,1205,-0.000322346,0.999939,-838.421,1,1
182783,1434,-7.32E-08,1,0,1,1
182783,1004,-0.00126751,1,-3994.3,1,1
182783,144,-1.31E-05,0.99408,0,1,1
182783,588,-2.02E-05,0.000305325,440.582,0,0
182783,674,-6.96E-05,0.000310305,351.333,0,0
182783,1291,-0.000624047,0.000276592,0,0,0
182783,1420,-0.000414326,0.994215,-66.8682,1,1
182783,1047,-0.000417239,0.0127657,0,-3.07E-13,0
182783,1434,-4.31E-08,1,0,1,1
182783,1291,-0.000399043,0.999939,-742.036,1,1
182783,746,-0.000956603,1,-4241.89,1,1
182783,373,-0.000494855,0.999939,-1086.41,1,1
182783,932,-0.000243842,0.999878,-49,1,1
182783,1434,-3.87E-71,1,0,1,1
182783,947,-0.000238977,0.999615,-441.415,1,1
182783,603,-0.00155312,1,-3869.99,1,1
182783,488,-4.16E-06,0.99488,-10.8397,1,1
182783,545,-0.000515793,0.999939,-749.36,1,1
182783,1076,-0.000532375,0.999414,-223.497,1,1
182783,1434,0,1,0,1,1
182783,459,-4.78E-05,0.999939,-51.1118,1,1
182783,560,-0.000229516,1,-1110.81,1,1
182783,1033,-0.00055624,0.999686,-747.188,1,1
182783,345,-2.10E-05,0.991586,-5.749,1,1
182783,1191,-0.000252696,1,-3012.67,1,1
182783,1434,-1.31E-66,1,0,1,1
182783,832,-0.001803,1,-6284.77,1,1
182783,230,-0.000943283,1,-4155.38,1,1
182783,1062,-0.000765778,0.999939,-1933.36,1,1
182783,1018,-0.00046003,0.904492,0,0.91411,1
182783,1434,-7.83E-05,0.999033,-92.3436,1,1
182783,732,-0.000331461,0.999939,-1068.88,1,1
182783,1033,-0.00120057,1,-3707.76,1,1
182783,187,-4.73E-05,0.0444568,0,0.0236753,0
182783,660,-6.90E-05,0.997961,-42.9305,1,1
182783,1148,-0.000367791,0.000469695,0,0,0
182783,1434,-0.000861821,0.00688703,0,0.00651162,0
182783,416,-0.00142328,1,-5868.02,1,1
182783,173,-0.000472982,1,-1626.07,1,1
182783,459,-0.00118348,1,-4757.03,1,1
182783,431,-0.000551838,0.99994,-1751.51,1,1
182783,517,-0.0013536,0.999989,-3274.87,1,1
182783,818,-0.000304799,0.999988,-2937.07,1,1
188834,1434,-1.42E-05,1,0,1,1
188834,1320,-0.000327992,0.999939,-1220.91,1,1
188834,1090,-0.00199472,0.999939,-7595.88,1,1
188834,1105,-0.000349069,0.999939,-525.276,1,1
188834,517,-0.000620758,0.999939,-3862.04,1,1
188834,1348,-0.00083946,0.999997,-4224.66,1,1
188834,1033,-0.000380442,0.999939,-1109.19,1,1
188834,1434,-0.000394069,0.910354,0,0.911023,1
188834,273,-0.000387456,1,-1405.98,1,1
188834,1348,-0.000617112,0.999939,-1396.21,1,1
188834,1248,-0.00193266,0.999939,-8490.52,1,1
188834,990,-0.000539171,0.999939,-634.98,1,1
188834,1434,-5.16E-61,1,0,1,1
188834,502,-0.000664379,0.999939,-2845.63,1,1
188834,158,-0.000173767,0.99998,-869.143,1,1
188834,316,-4.02E-05,1,-335.825,1,1
188834,1205,-0.000166305,0.99992,-260.504,1,1
188834,1434,-1.15E-67,1,0,1,1
188834,1004,-0.000496199,1,-3482.5,1,1
188834,144,-1.08E-05,0.999394,-115.536,1,1
188834,588,-2.24E-05,6.12E-05,316.998,0,0
188834,674,-0.000174954,0.000305325,34.8568,0,0
188834,1291,-0.000395253,0.000746372,96.3725,0,0
188834,1420,-0.000252725,0.862231,0,0.85941,1
188834,1047,-0.000171773,0.748497,0,0.7407,1
188834,1434,-2.75E-67,1,0,1,1
188834,1291,-0.000823136,0.999939,-837.034,1,1
188834,746,-0.00158175,1,-4381.96,1,1
188834,373,-0.000299401,0.999939,-1063.03,1,1
188834,932,-0.000283815,0.999878,-28.75,1,1
188834,1434,-6.47E-66,1,0,1,1
188834,947,-0.000660067,0.999878,-431.908,1,1
188834,603,-0.0021801,1,-2691.93,1,1
188834,488,-0.000219794,0.917962,0,0.917367,1
188834,545,-0.000195914,0.999939,-649.617,1,1
188834,1076,-0.000301637,0.998524,-578.462,1,1
188834,1434,-0.00060656,0.250852,0,0.2593,1
188834,459,-0.000296363,0.999939,-163.504,1,1
188834,560,-0.000360301,1,-237.495,1,1
188834,1033,-0.000523147,0.999401,-1277.71,1,1
188834,345,-0.000144625,1,-114.378,1,1
188834,1191,-0.000741833,0.999939,-2935.14,1,1
188834,1434,-9.62E-66,1,0,1,1
188834,832,-0.00126965,1,-6104.07,1,1
188834,230,-0.000561652,1,-4087.89,1,1
188834,1062,-0.000522899,0.999939,-1604.39,1,1
188834,1018,-0.000836627,0.847825,0,0.844326,1
188834,1434,-0.000728277,0.999756,-623.171,1,1
188834,732,-7.38E-05,0.999939,-967.52,1,1
188834,1033,-0.000348723,1,-2613.52,1,1
188834,187,-2.57E-05,0.0985123,0,0.0973752,0
188834,660,-8.26E-05,0.998816,-27.8492,1,1
188834,1148,-0.000283115,0.000665248,374.512,0,0
188834,1434,-0.000123267,0.0897311,0,0.0889773,0
188834,416,-0.000776607,1,-6523.27,1,1
188834,173,-0.000545127,1,-2442.46,1,1
188834,459,-0.00102022,1,-5048.83,1,1
188834,431,-0.000242067,0.999939,-1651.4,1,1
188834,517,-0.000733855,1,-4276.92,1,1
188834,818,-0.000284948,0.999939,-2732.47,1,1
196948,1434,-4.29E-07,0.999999,0,1,1
196948,1320,-0.000665404,0.999756,-1426.87,1,1
196948,1090,-0.00208634,0.999756,-7710.67,1,1
196948,1105,-0.000491027,0.999756,-477.015,1,1
196948,517,-0.00114837,0.999757,-3737.25,1,1
196948,1348,-0.00101818,0.999999,-3466.73,1,1
196948,1033,-0.000555807,0.999756,-1045.54,1,1
196948,1434,-0.0004688,0.960737,0,0.963505,1
196948,273,-0.000316087,0.999999,-1131.15,1,1
196948,1348,-0.000615543,0.999756,-1348.62,1,1
196948,1248,-0.00313519,0.999756,-10278.8,1,1
196948,990,-0.000346592,0.999756,-645.795,1,1
196948,1434,-7.98E-09,0.999999,-851.924,1,1
196948,502,-0.000762588,0.999757,-3019.67,1,1
196948,158,-0.000335159,0.999999,-776.325,1,1
196948,316,-3.63E-06,0.999999,-224.506,1,1
196948,1205,-0.000270839,0.999756,-783.178,1,1
196948,1434,-2.13E-32,0.999999,-848.667,1,1
196948,1004,-0.0010977,0.999999,-4067.05,1,1
196948,144,-6.02E-05,0.999654,-200.719,1,1
196948,588,-4.34E-07,0.000568577,0,0,0
196948,674,-4.77E-05,0.000244737,416.492,0,0
196948,1291,-3.81E-05,0.000754969,896.88,0,0
196948,1420,-0.000351109,0.995892,-43.5345,1,1
196948,1047,-0.000444432,0.587282,0,0.58948,0
196948,1434,-3.08E-51,0.999999,-383.844,1,1
196948,1291,-0.000160363,0.999756,-1012.96,1,1
196948,746,-0.000971123,0.999999,-4505.91,1,1
196948,373,-0.000284527,0.999756,-1122.78,1,1
196948,932,-0.000205858,0.999512,-22,1,1
196948,1434,-3.41E-06,0.999999,-1362.64,1,1
196948,947,-0.000421819,0.99851,-151.876,1,1
196948,603,-0.000228218,0.999999,-5604.66,1,1
196948,488,-4.64E-05,0.869172,0,0.86555,1
196948,545,-0.000455612,0.999756,-461.55,1,1
196948,1076,-0.00035381,0.99904,-268.108,1,1
196948,1434,0,0.999999,0,1,1
196948,459,-9.06E-06,0.999756,-569.125,1,1
196948,560,-7.96E-05,0.999999,-706.684,1,1
196948,1033,-0.000250978,0.997911,-786.752,1,1
196948,345,-4.02E-06,0.999999,-29.2867,1,1
196948,1191,-0.000526679,0.999999,-3462.78,1,1
196948,1434,-6.48E-24,0.999999,0,1,1
196948,832,-0.00172752,0.999999,-7060.89,1,1
196948,230,-0.000753801,0.999999,-3992.45,1,1
196948,1062,-0.000583029,0.999756,-1799.2,1,1
196948,1018,-8.09E-05,0.966432,0,0.969632,1
196948,1434,-0.000156016,0.999557,-157.923,1,1
196948,732,-0.000260888,0.999756,-1033.94,1,1
196948,1033,-0.000856995,0.999999,-3627.97,1,1
196948,187,-6.77E-06,0.0462349,0,0.0359001,0
196948,660,-0.000118419,0.998842,-119.951,1,1
196948,1148,-3.67E-05,0.00149212,869.442,0,0
196948,1434,-1.50E-08,0.99998,0,1,1
196948,416,-0.00228292,0.999999,-7514.45,1,1
196948,173,-0.000747685,0.999999,-2112.32,1,1
196948,459,-0.00165835,0.999999,-5805.08,1,1
196948,431,-0.000605778,0.999759,-2001.31,1,1
196948,517,-0.00169989,0.999833,-3513.31,1,1
196948,818,-0.00128649,0.999757,-3345.31,1,1
491484,14338,-2.37E-05,0.999699,0,1,1
491484,13191,-0.000794973,0.000300667,0,0,0
491484,10897,-0.00162681,0.000495846,151.644,0,0
491484,11041,-0.00117265,0.000301585,0,0,0
491484,5162,-0.000932681,0.999998,-938,1,1
491484,13478,-0.00124061,0.999997,-3122.98,1,1
491484,10324,-0.000967812,0.000302563,0,0,0
491484,14338,-1.85E-07,0.999958,0,1,1
491484,2725,-0.000413385,1,-211.441,1,1
491484,13478,-0.000581675,3.60E-05,1813.95,0,0
491484,12474,-0.00245372,1,-3574,1,1
491484,9894,-0.00115514,0.0230009,0,0.0216204,0
491484,14338,-1.01E-42,1,0,1,1
491484,5019,-0.00122357,1,-2359.1,1,1
491484,1578,-0.000582929,0.999191,-319.472,1,1
491484,3155,-0.00091114,1,-4662.15,1,1
491484,12044,-0.00202225,0.381676,0,0.392847,1
491484,14338,-7.80E-82,1,-6432.07,1,1
491484,10037,-0.00257359,0.999999,-5139,1,1
491484,1434,-7.36E-05,0.999995,-539.739,1,1
491484,5879,-0.000400916,8.72E-05,1347.09,0,0
491484,6739,-0.000646316,1.16E-09,0,0,0
491484,12905,-0.000732412,3.54E-05,5906.38,0,0
491484,14195,-0.000427675,1.69E-06,970.053,0,0
491484,10467,-0.0010911,1.16E-09,2597.78,0,0
491484,14338,-3.09E-26,1,-9239.27,1,1
491484,12905,-0.00119267,2.71E-05,0,0,0
491484,7456,-0.00125407,1,-2225.32,1,1
491484,3728,-0.000603691,0.000161008,171.544,0,0
491484,9320,-0.000154629,6.20E-06,6851.36,0,0
491484,14338,-1.07E-35,0.999996,0,1,1
491484,9464,-0.000142677,0.000110491,2516.85,0,0
491484,6022,-0.00179526,1,-5765.27,1,1
491484,4875,-0.000802234,0.891323,0,0.875575,1
491484,5449,-0.000662763,6.68E-06,1466.3,0,0
491484,10754,-0.000947296,2.61E-05,2035.09,0,0
491484,14338,-0.0010086,0.999974,0,1,1
491484,4589,-0.000516617,0.593386,0,0.591474,0
491484,5592,-0.000666678,0.999839,-1513.36,1,1
491484,10324,-0.00124733,0.370153,0,0.37284,0
491484,3442,-0.000450485,1,-66.4227,1,1
491484,11901,-0.00128831,0.916467,0,0.91776,1
491484,14338,-5.44E-05,1,-8010.91,1,1
491484,8316,-0.00341431,1,-14759.7,1,1
491484,2295,-0.00206854,1,-10535.6,1,1
491484,10611,-0.00147402,3.10E-06,1055.58,0,0
491484,10180,-0.000934537,0.236312,0,0.235862,1
491484,14338,-0.00114375,0.999911,0,1,1
491484,7313,-0.00115134,0.118492,0,0.10598,1
491484,10324,-0.00241925,1,-4584.44,1,1
491484,1864,-7.00E-05,0.822327,0,0.866502,1
491484,6596,-0.00030358,0.607639,0,0.609627,1
491484,11471,-0.00122936,1.16E-09,6835.68,0,0
491484,14338,-0.000672726,0.156064,0,0.154511,0
491484,4158,-0.0011973,1,-6716.62,1,1
491484,1721,-0.000488168,1,-214.058,1,1
491484,4589,-0.00113363,1,-3513.78,1,1
491484,4302,-0.000675192,0.997984,0,1,0
491484,5162,-0.00139258,0.999326,-43.1323,1,1
491484,8173,-0.000425612,0.843911,0,0.845489,1
498307,14338,-7.10E-24,0.999921,0,1,1
498307,13191,-0.000847354,0.000106065,5149.49,0,0
498307,10897,-0.00170944,0.003194,0,0,0
498307,11041,-0.0010261,7.28E-05,0,0,0
498307,5162,-0.000994498,0.999994,-938,1,1
498307,13478,-0.00149739,0.999854,-1990.82,1,1
498307,10324,-0.00120827,8.31E-05,0,0,0
498307,14338,-0.000165271,0.998595,0,1,1
498307,2725,-0.000764352,0.999998,-1811.48,1,1
498307,13478,-0.000546083,4.66E-09,0,0,0
498307,12474,-0.00259032,0.999998,-2736.94,1,1
498307,9894,-0.00219436,0.00142954,0,0,0
498307,14338,-3.11E-08,1,-15028.8,1,1
498307,5019,-0.00129293,0.999992,-2310.81,1,1
498307,1578,-0.000595382,0.996686,0,1,1
498307,3155,-0.00155225,0.999998,-3385.94,1,1
498307,12044,-0.00213436,0.00287361,3.7227,0,0
498307,14338,-7.00E-68,1,-11281.6,1,1
498307,10037,-0.00271305,0.999993,-5010.94,1,1
498307,1434,-3.19E-05,0.99924,0,1,1
498307,5879,-0.000800819,4.66E-09,1199.07,0,0
498307,6739,-0.000387002,4.66E-09,3222.31,0,0
498307,12905,-0.00187738,0.000555181,0,0,0
498307,14195,-0.000398463,0.00140105,0,0,0
498307,10467,-0.00145467,0.000264664,0,0,0
498307,14338,-2.63E-45,1,0,1,1
498307,12905,-0.000862303,0.000573,0,0,0
498307,7456,-0.00133848,0.999998,-1856.86,1,1
498307,3728,-0.000403555,0.000662398,0,0,0
498307,9320,-0.000220815,1.47E-06,2983.3,0,0
498307,14338,-6.81E-05,0.999975,0,1,1
498307,9464,-0.000519509,0.000291721,3012.43,0,0
498307,6022,-0.00168084,0.999998,-1638.5,1,1
498307,4875,-0.000335646,0.998162,0,1,1
498307,5449,-0.000957681,1.94E-05,0,0,0
498307,10754,-0.000748001,2.53E-06,0,0,0
498307,14338,-0.00142279,0.999424,0,1,1
498307,4589,-0.000660518,0.00327148,0,0,1
498307,5592,-0.000887845,0.998971,-349.507,1,1
498307,10324,-0.000803536,0.41846,0,0.415398,0
498307,3442,-0.000429355,0.999989,-128.856,1,1
498307,11901,-0.00158565,0.609924,0,0.613486,0
498307,14338,-7.95E-09,1,-14684.8,1,1
498307,8316,-0.0023731,0.999998,-11793.6,1,1
498307,2295,-0.00159641,0.999998,-9992.39,1,1
498307,10611,-0.000807652,0.0816278,0,0.0771088,0
498307,10180,-0.000826038,0.620116,0,0.623202,0
498307,14338,-0.00205043,0.99972,-4826.04,1,1
498307,7313,-0.000852039,0.000460106,303.97,0,1
498307,10324,-0.00156814,0.999998,-5014.27,1,1
498307,1864,-0.000106692,0.344992,0,0.352947,1
498307,6596,-0.000470522,0.620155,0,0.623202,0
498307,11471,-0.000533571,4.66E-09,3327,0,0
498307,14338,-0.000175731,0.29822,0,0.29969,1
498307,4158,-0.00122662,0.999998,-6895.81,1,1
498307,1721,-0.000452445,0.999998,-2476.94,1,1
498307,4589,-0.00115354,0.999998,-4125.59,1,1
498307,4302,-0.000662739,0.999993,-251.845,1,1
498307,5162,-0.000759289,0.999998,-3734.73,1,1
498307,8173,-0.000454139,0.487737,0,0.486025,0
517286,14338,-2.35E-40,0.999868,0,1,1
517286,13191,-0.000764931,0.000145581,547.097,0,0
517286,10897,-0.001527,0.00224203,0,0,0
517286,11041,-0.00136425,0.00021385,0,0,0
517286,5162,-0.000888349,0.999967,-938,1,1
517286,13478,-0.00154989,0.999933,-2648.5,1,1
517286,10324,-0.00152867,0.000125793,0,0,0
517286,14338,-0.000502505,0.998631,0,1,1
517286,2725,-0.000589151,0.999996,-591.689,1,1
517286,13478,-0.000714101,9.31E-09,6751.5,0,0
517286,12474,-0.00232046,0.999996,-2510.83,1,1
517286,9894,-0.000968936,0.00168785,0,1.81E-13,0
517286,14338,0.000170012,1,-16467.9,1,1
517286,5019,-0.00115895,0.999996,-2063.1,1,1
517286,1578,-0.000275712,0.997428,-352.509,1,1
517286,3155,-0.000553762,1,-3300.84,1,1
517286,12044,-0.00191284,0.372853,0,0.368583,0
517286,14338,-9.98E-58,1,-14784.5,1,1
517286,10037,-0.00243412,0.999993,-4353.97,1,1
517286,1434,-0.000235019,0.999996,-211.162,1,1
517286,5879,-0.000305898,2.10E-07,2091.26,0,0
517286,6739,-0.000355454,9.31E-09,3826.74,0,0
517286,12905,-0.00213321,7.81E-05,0,0,0
517286,14195,-0.000495172,0.00135833,0,1.81E-13,0
517286,10467,-0.00120494,4.83E-06,1596.29,0,0
517286,14338,-5.33E-06,1,0,1,1
517286,12905,-0.000796811,9.53E-05,0,0,0
517286,7456,-0.0011508,0.999996,-2368.22,1,1
517286,3728,-0.000393396,0.000153319,59.5147,0,0
517286,9320,-0.000518745,9.31E-09,2135.63,0,0
517286,14338,-2.48E-05,0.999936,0,1,1
517286,9464,-3.47E-05,3.71E-05,8873.41,0,0
517286,6022,-0.00077899,0.999996,-4998.07,1,1
517286,4875,-0.000324336,0.998954,0,1,1
517286,5449,-0.000406266,6.77E-06,2416.22,0,0
517286,10754,-0.000604622,6.44E-05,0,0,0
517286,14338,-2.20E-36,0.999922,0,1,1
517286,4589,-0.000389066,0.331919,0,0.32418,1
517286,5592,-0.00045302,0.995765,-973.163,1,1
517286,10324,-0.00105007,0.665135,0,0.685159,0
517286,3442,-0.000342972,0.999996,-125.226,1,1
517286,11901,-0.00129822,0.852296,0,0.847236,1
517286,14338,-2.99E-05,0.999973,0,1,1
517286,8316,-0.00293331,0.999996,-11253.7,1,1
517286,2295,-0.00170621,0.999998,-9458.32,1,1
517286,10611,-0.00112254,8.18E-05,0,0,0
517286,10180,-0.000742105,0.309253,0,0.309209,0
517286,14338,-0.0004339,0.999623,0,1,1
517286,7313,-0.00101892,0.00196205,0,0,0
517286,10324,-0.00204341,0.999996,-4988.93,1,1
517286,1864,-0.000149334,0.998469,-117.119,1,1
517286,6596,-0.000809345,0.00527247,0,0,0
517286,11471,-0.000827471,9.31E-09,8613.89,0,0
517286,14338,-1.17E-56,0.999845,0,1,1
517286,4158,-0.00168459,0.999996,-6229.74,1,1
517286,1721,-0.000589183,0.999996,-1357.23,1,1
517286,4589,-0.00141449,0.999996,-3988.81,1,1
517286,4302,-0.000793488,0.999979,-224.772,1,1
517286,5162,-0.00202424,0.999996,-2020.24,1,1
517286,8173,-0.000980763,0.000185708,0,0,0